{
	"info": {
		"_postman_id": "0138b9b7-232d-451d-8aaf-5634d8cf607d",
		"name": "REST/JSON 2.1",
		"schema": "https://schema.getpostman.com/json/collection/v2.1.0/collection.json"
	},
	"item": [
		{
			"name": "Orchestrated",
			"item": [
				{
					"name": "GetHotelAvailV2(Airport)",
					"event": [
						{
							"listen": "test",
							"script": {
								"id": "345fb036-1689-4583-bc52-7dc9b3aa375b",
								"exec": [
									"var currentResponse = JSON.parse(responseBody);\r",
									"\r",
									"tests[\"Body contains Max Results\"] = responseBody.has(\"MaxSearchResults\");\r",
									"tests[\"Body contains Complete\"] = responseBody.has(\"Complete\");"
								],
								"type": "text/javascript"
							}
						}
					],
					"request": {
						"auth": {
							"type": "bearer",
							"bearer": [
								{
									"key": "token",
									"value": "{{2sg-session-token}}",
									"type": "string"
								}
							]
						},
						"method": "POST",
						"header": [
							{
								"key": "Content-Type",
								"value": "application/json"
							},
							{
								"key": "Accept",
								"value": "application/json",
								"type": "text"
							},
							{
								"key": "Application-ID",
								"value": "SWS1:SBR-GetThere:01a86cdc9c",
								"type": "text"
							}
						],
						"body": {
							"mode": "raw",
							"raw": "{\r\n  \"GetHotelAvailRQ\": {\r\n    \"SearchCriteria\": {\r\n      \"OffSet\": 1,\r\n      \"SortBy\": \"TotalRate\",\r\n      \"SortOrder\": \"DESC\",\r\n      \"PageSize\": 20,\r\n        \"TierLabels\": false,\r\n      \"GeoSearch\": {\r\n        \"GeoRef\": {\r\n          \"Radius\": 20,\r\n          \"UOM\": \"MI\",\r\n          \"RefPoint\": {\r\n            \"Value\": \"SYD\",\r\n            \"ValueContext\": \"CODE\",\r\n            \"RefPointType\": \"6\"\r\n            }\r\n        }\r\n    \r\n      },\r\n      \"RateInfoRef\": {\r\n       \"ConvertedRateInfoOnly\": false, \r\n        \"CurrencyCode\": \"USD\",\r\n        \"BestOnly\": \"2\",\r\n        \"PrepaidQualifier\": \"IncludePrepaid\",\r\n        \"StayDateRange\": {\r\n          \"StartDate\": \"{{start-date}}\",\r\n          \"EndDate\": \"{{end-date}}\"\r\n        },\r\n        \"Rooms\": {\r\n          \"Room\": [\r\n            {\r\n              \"Index\": 1,\r\n              \"Adults\": 1,\r\n               \"Children\":0\r\n            }\r\n          ]\r\n        },\r\n        \"InfoSource\": \"100,110,112,113\"\r\n      },\r\n      \"HotelPref\": {\r\n       \r\n        \"SabreRating\": {\r\n          \"Min\": \"3\",\r\n          \"Max\": \"5\"\r\n        }\r\n      },\r\n      \"ImageRef\": {\r\n        \"Type\": \"MEDIUM\",\r\n        \"LanguageCode\": \"EN\"\r\n      }\r\n    }\r\n  }\r\n}"
						},
						"url": {
							"raw": "{{2sg-endpoint}}/v2.1.0/get/hotelavail",
							"host": [
								"{{2sg-endpoint}}"
							],
							"path": [
								"v2.1.0",
								"get",
								"hotelavail"
							]
						}
					},
					"response": []
				},
				{
					"name": "GetHotelAvailV2(Airport) Copy",
					"event": [
						{
							"listen": "test",
							"script": {
								"id": "345fb036-1689-4583-bc52-7dc9b3aa375b",
								"exec": [
									"var currentResponse = JSON.parse(responseBody);\r",
									"\r",
									"tests[\"Body contains Max Results\"] = responseBody.has(\"MaxSearchResults\");\r",
									"tests[\"Body contains Complete\"] = responseBody.has(\"Complete\");"
								],
								"type": "text/javascript"
							}
						}
					],
					"request": {
						"auth": {
							"type": "bearer",
							"bearer": [
								{
									"key": "token",
									"value": "{{2sg-session-token}}",
									"type": "string"
								}
							]
						},
						"method": "POST",
						"header": [
							{
								"key": "Content-Type",
								"value": "application/json"
							},
							{
								"key": "Accept",
								"value": "application/json",
								"type": "text"
							},
							{
								"key": "Application-ID",
								"value": "SWS1:SBR-GetThere:01a86cdc9c",
								"type": "text"
							}
						],
						"body": {
							"mode": "raw",
							"raw": "{\r\n  \"GetHotelAvailRQ\": {\r\n  \t \"version\": \"2.1.0\",\t\r\n    \"SearchCriteria\": {\r\n      \"OffSet\": 1,\r\n      \"SortBy\": \"SabreRating\",\r\n      \"SortOrder\": \"DESC\",\r\n      \"PageSize\": 100,\r\n      \"AvailRatesOnly\": true,\r\n      \"GeoSearch\": {\r\n        \"GeoRef\": {\r\n          \"Radius\": 20,\r\n          \"UOM\": \"MI\",\r\n          \"RefPoint\": {\r\n            \"Value\": \"SYD\",\r\n            \"ValueContext\": \"CODE\",\r\n            \"RefPointType\": \"6\"\r\n            }\r\n        }\r\n    \r\n      },\r\n      \"RateInfoRef\": {\r\n      \t\"ConvertedRateInfoOnly\": false, \r\n        \"CurrencyCode\": \"USD\",\r\n        \"BestOnly\": \"1\",\r\n        \"PrepaidQualifier\": \"IncludePrepaid\",\r\n        \"StayDateRange\": {\r\n          \"StartDate\": \"{{start-date}}\",\r\n          \"EndDate\": \"{{end-date}}\"\r\n        },\r\n        \"Rooms\": {\r\n          \"Room\": [\r\n            {\r\n              \"Index\": 1,\r\n              \"Adults\": 1,\r\n               \"Children\":1,\r\n              \"ChildAges\":\"6\"\r\n\r\n            }\r\n          ]\r\n        },\r\n        \"InfoSource\": \"110\"\r\n      },\r\n      \"HotelPref\": {\r\n      \t \r\n        \"AmenityCodes\": {\r\n          \"Inclusive\": true,\r\n          \"AmenityCode\": [\r\n            \"15\"\r\n          ]\r\n          \r\n         },\r\n        \"SabreRating\": {\r\n          \"Min\": \"1\",\r\n          \"Max\": \"5\"\r\n        }\r\n      },\r\n      \"ImageRef\": {\r\n        \"Type\": \"MEDIUM\",\r\n        \"LanguageCode\": \"EN\"\r\n      }\r\n    }\r\n  }\r\n}"
						},
						"url": {
							"raw": "{{2sg-endpoint}}/v2.0.0/get/hotelavail",
							"host": [
								"{{2sg-endpoint}}"
							],
							"path": [
								"v2.0.0",
								"get",
								"hotelavail"
							]
						}
					},
					"response": []
				},
				{
					"name": "GetHotelAvailV2(Address)",
					"event": [
						{
							"listen": "test",
							"script": {
								"id": "8350f5c7-7e2e-4f45-ba86-8258b37f725b",
								"exec": [
									"var currentResponse = JSON.parse(responseBody);\r",
									"\r",
									"tests[\"Body contains Max Results\"] = responseBody.has(\"MaxSearchResults\");\r",
									"tests[\"Body contains Complete\"] = responseBody.has(\"Complete\");"
								],
								"type": "text/javascript"
							}
						}
					],
					"request": {
						"auth": {
							"type": "bearer",
							"bearer": [
								{
									"key": "token",
									"value": "{{2sg-session-token}}",
									"type": "string"
								}
							]
						},
						"method": "POST",
						"header": [
							{
								"key": "Content-Type",
								"value": "application/json",
								"disabled": true
							},
							{
								"key": "Accept",
								"value": "application/json",
								"type": "text"
							},
							{
								"key": "Application-ID",
								"value": "SWS1:SBR-GetThere:01a86cdc9c",
								"type": "text"
							}
						],
						"body": {
							"mode": "raw",
							"raw": "{\r\n  \"GetHotelAvailRQ\": {\r\n    \"SearchCriteria\": {\r\n      \"OffSet\": 1,\r\n      \"SortBy\": \"TotalRate\",\r\n      \"SortOrder\": \"DESC\",\r\n      \"PageSize\": 20,\r\n        \"TierLabels\": false,\r\n      \"GeoSearch\": {\r\n        \"GeoRef\": {\r\n          \"Radius\": 20,\r\n          \"UOM\": \"MI\",\r\n         \"AddressRef\": {\r\n            \"Street\": \"Hidden Ridge\",\r\n            \"City\": \"irving\",\r\n            \"PostalCode\": \"75038\",\r\n            \"StateProv\": \"TX\",\r\n            \"CountryCode\": \"US\"\r\n          }\r\n        }\r\n    \r\n      },\r\n      \"RateInfoRef\": {\r\n       \"ConvertedRateInfoOnly\": false, \r\n        \"CurrencyCode\": \"USD\",\r\n        \"BestOnly\": \"2\",\r\n        \"PrepaidQualifier\": \"IncludePrepaid\",\r\n        \"StayDateRange\": {\r\n          \"StartDate\": \"{{start-date}}\",\r\n          \"EndDate\": \"{{end-date}}\"\r\n        },\r\n        \"Rooms\": {\r\n          \"Room\": [\r\n            {\r\n              \"Index\": 1,\r\n              \"Adults\": 1,\r\n               \"Children\":0\r\n            }\r\n          ]\r\n        },\r\n        \"InfoSource\": \"100,110,112,113\"\r\n      },\r\n      \"HotelPref\": {\r\n       \r\n        \"SabreRating\": {\r\n          \"Min\": \"3\",\r\n          \"Max\": \"5\"\r\n        }\r\n      },\r\n      \"ImageRef\": {\r\n        \"Type\": \"MEDIUM\",\r\n        \"LanguageCode\": \"EN\"\r\n      }\r\n    }\r\n  }\r\n}"
						},
						"url": {
							"raw": "{{2sg-endpoint}}/v2.1.0/get/hotelavail",
							"host": [
								"{{2sg-endpoint}}"
							],
							"path": [
								"v2.1.0",
								"get",
								"hotelavail"
							]
						}
					},
					"response": []
				},
				{
					"name": "GetHotelAvailV2(City)",
					"event": [
						{
							"listen": "test",
							"script": {
								"id": "ae9b16c6-17fe-4f32-a7c1-6dab572c0d9e",
								"exec": [
									"var currentResponse = JSON.parse(responseBody);\r",
									"\r",
									"tests[\"Body contains Max Results\"] = responseBody.has(\"MaxSearchResults\");\r",
									"tests[\"Body contains Complete\"] = responseBody.has(\"Complete\");"
								],
								"type": "text/javascript"
							}
						}
					],
					"request": {
						"auth": {
							"type": "bearer",
							"bearer": [
								{
									"key": "token",
									"value": "{{2sg-session-token}}",
									"type": "string"
								}
							]
						},
						"method": "POST",
						"header": [
							{
								"key": "Content-Type",
								"value": "application/json",
								"disabled": true
							},
							{
								"key": "Accept",
								"value": "application/json",
								"type": "text"
							},
							{
								"key": "Application-ID",
								"value": "SWS1:SBR-GetThere:01a86cdc9c",
								"type": "text"
							}
						],
						"body": {
							"mode": "raw",
							"raw": "{\r\n  \"GetHotelAvailRQ\": {\r\n    \"SearchCriteria\": {\r\n      \"OffSet\": 1,\r\n      \"SortBy\": \"TotalRate\",\r\n      \"SortOrder\": \"DESC\",\r\n      \"PageSize\": 20,\r\n        \"TierLabels\": false,\r\n      \"GeoSearch\": {\r\n        \"GeoRef\": {\r\n          \"Radius\": 20,\r\n          \"UOM\": \"MI\",\r\n       \"RefPoint\": {\r\n            \"Value\": \"HOUSTON\",\r\n            \"ValueContext\": \"NAME\",\r\n            \"RefPointType\": \"5\",\r\n            \"StateProv\": \"TX\",\r\n            \"CountryCode\": \"US\"\r\n          }\r\n        }\r\n    \r\n      },\r\n      \"RateInfoRef\": {\r\n       \"ConvertedRateInfoOnly\": false, \r\n        \"CurrencyCode\": \"USD\",\r\n        \"BestOnly\": \"2\",\r\n        \"PrepaidQualifier\": \"IncludePrepaid\",\r\n        \"StayDateRange\": {\r\n          \"StartDate\": \"{{start-date}}\",\r\n          \"EndDate\": \"{{end-date}}\"\r\n        },\r\n        \"Rooms\": {\r\n          \"Room\": [\r\n            {\r\n              \"Index\": 1,\r\n              \"Adults\": 1,\r\n               \"Children\":0\r\n            }\r\n          ]\r\n        },\r\n        \"InfoSource\": \"100,110,112,113\"\r\n      },\r\n      \"HotelPref\": {\r\n       \r\n        \"SabreRating\": {\r\n          \"Min\": \"3\",\r\n          \"Max\": \"5\"\r\n        }\r\n      },\r\n      \"ImageRef\": {\r\n        \"Type\": \"MEDIUM\",\r\n        \"LanguageCode\": \"EN\"\r\n      }\r\n    }\r\n  }\r\n}"
						},
						"url": {
							"raw": "{{2sg-endpoint}}/v2.1.0/get/hotelavail",
							"host": [
								"{{2sg-endpoint}}"
							],
							"path": [
								"v2.1.0",
								"get",
								"hotelavail"
							]
						}
					},
					"response": []
				},
				{
					"name": "GetHotelAvailV2(Lat/Long)",
					"event": [
						{
							"listen": "test",
							"script": {
								"id": "84703797-8b9f-4783-8af0-c97c98409429",
								"exec": [
									"var currentResponse = JSON.parse(responseBody);\r",
									"\r",
									"tests[\"Body contains Max Results\"] = responseBody.has(\"MaxSearchResults\");\r",
									"tests[\"Body contains Complete\"] = responseBody.has(\"Complete\");"
								],
								"type": "text/javascript"
							}
						}
					],
					"request": {
						"auth": {
							"type": "bearer",
							"bearer": [
								{
									"key": "token",
									"value": "{{2sg-session-token}}",
									"type": "string"
								}
							]
						},
						"method": "POST",
						"header": [
							{
								"key": "Accept",
								"value": "application/json",
								"type": "text"
							},
							{
								"key": "Application-ID",
								"value": "SWS1:SBR-GetThere:01a86cdc9c",
								"type": "text"
							}
						],
						"body": {
							"mode": "raw",
							"raw": "{\r\n  \"GetHotelAvailRQ\": {\r\n    \"SearchCriteria\": {\r\n      \"OffSet\": 1,\r\n      \"SortBy\": \"TotalRate\",\r\n      \"SortOrder\": \"DESC\",\r\n      \"PageSize\": 20,\r\n        \"TierLabels\": false,\r\n      \"GeoSearch\": {\r\n        \"GeoRef\": {\r\n          \"Radius\": 20,\r\n          \"UOM\": \"MI\",\r\n        \"GeoCode\": {\r\n            \"Latitude\": 32.899809,\r\n            \"Longitude\": -97.040335\r\n          \r\n          }\r\n        }\r\n    \r\n      },\r\n      \"RateInfoRef\": {\r\n       \"ConvertedRateInfoOnly\": false, \r\n        \"CurrencyCode\": \"USD\",\r\n        \"BestOnly\": \"2\",\r\n        \"PrepaidQualifier\": \"IncludePrepaid\",\r\n        \"StayDateRange\": {\r\n          \"StartDate\": \"{{start-date}}\",\r\n          \"EndDate\": \"{{end-date}}\"\r\n        },\r\n        \"Rooms\": {\r\n          \"Room\": [\r\n            {\r\n              \"Index\": 1,\r\n              \"Adults\": 1,\r\n               \"Children\":0\r\n            }\r\n          ]\r\n        },\r\n        \"InfoSource\": \"100,110,112,113\"\r\n      },\r\n      \"HotelPref\": {\r\n       \r\n        \"SabreRating\": {\r\n          \"Min\": \"3\",\r\n          \"Max\": \"5\"\r\n        }\r\n      },\r\n      \"ImageRef\": {\r\n        \"Type\": \"MEDIUM\",\r\n        \"LanguageCode\": \"EN\"\r\n      }\r\n    }\r\n  }\r\n}"
						},
						"url": {
							"raw": "{{2sg-endpoint}}/v2.1.0/get/hotelavail",
							"host": [
								"{{2sg-endpoint}}"
							],
							"path": [
								"v2.1.0",
								"get",
								"hotelavail"
							]
						}
					},
					"response": []
				},
				{
					"name": "GetHotelAvailV2(Polygon)",
					"event": [
						{
							"listen": "test",
							"script": {
								"id": "656f7fc7-fb7a-44bd-abd8-203a860a96a7",
								"exec": [
									"var currentResponse = JSON.parse(responseBody);\r",
									"\r",
									"tests[\"Body contains Max Results\"] = responseBody.has(\"MaxSearchResults\");\r",
									"tests[\"Body contains Complete\"] = responseBody.has(\"Complete\");"
								],
								"type": "text/javascript"
							}
						}
					],
					"request": {
						"auth": {
							"type": "bearer",
							"bearer": [
								{
									"key": "token",
									"value": "{{2sg-session-token}}",
									"type": "string"
								}
							]
						},
						"method": "POST",
						"header": [
							{
								"key": "Accept",
								"value": "application/json"
							},
							{
								"key": "Application-ID",
								"value": "SWS1:SBR-GetThere:01a86cdc9c",
								"type": "text"
							}
						],
						"body": {
							"mode": "raw",
							"raw": "{\r\n  \"GetHotelAvailRQ\": {\r\n    \"SearchCriteria\": {\r\n      \"OffSet\": 1,\r\n      \"SortBy\": \"TotalRate\",\r\n      \"SortOrder\": \"DESC\",\r\n      \"PageSize\": 20,\r\n        \"TierLabels\": false,\r\n      \"GeoSearch\": {\r\n        \"GeoRef\": {\r\n          \"Radius\": 20,\r\n          \"UOM\": \"MI\",\r\n        \"RefPoint\": {\r\n            \"Value\": \"900009819\",\r\n            \"ValueContext\": \"CODE\",\r\n            \"RefPointType\": \"37\",\r\n            \"StateProv\": \"TX\",\r\n            \"CountryCode\": \"US\"\r\n          }\r\n        },\r\n        \"GeoAttributes\": {\r\n          \"Attributes\": [\r\n            {\r\n              \"Name\": \"LOCALAREA\",\r\n              \"Value\": \"Greater Phoenix / Central Arizona\"\r\n            }\r\n          ]\r\n        }\r\n      },\r\n      \"RateInfoRef\": {\r\n       \"ConvertedRateInfoOnly\": false, \r\n        \"CurrencyCode\": \"USD\",\r\n        \"BestOnly\": \"2\",\r\n        \"PrepaidQualifier\": \"IncludePrepaid\",\r\n        \"StayDateRange\": {\r\n          \"StartDate\": \"{{start-date}}\",\r\n          \"EndDate\": \"{{end-date}}\"\r\n        },\r\n        \"Rooms\": {\r\n          \"Room\": [\r\n            {\r\n              \"Index\": 1,\r\n              \"Adults\": 1,\r\n               \"Children\":0\r\n            }\r\n          ]\r\n        },\r\n        \"InfoSource\": \"100,110,112,113\"\r\n      },\r\n      \"HotelPref\": {\r\n       \r\n        \"SabreRating\": {\r\n          \"Min\": \"3\",\r\n          \"Max\": \"5\"\r\n        }\r\n      },\r\n      \"ImageRef\": {\r\n        \"Type\": \"MEDIUM\",\r\n        \"LanguageCode\": \"EN\"\r\n      }\r\n    }\r\n  }\r\n}"
						},
						"url": {
							"raw": "{{2sg-endpoint}}/v2.1.0/get/hotelavail",
							"host": [
								"{{2sg-endpoint}}"
							],
							"path": [
								"v2.1.0",
								"get",
								"hotelavail"
							]
						}
					},
					"response": []
				},
				{
					"name": "GetHotelAvailV2(HotelCode)",
					"event": [
						{
							"listen": "test",
							"script": {
								"id": "273d34f0-601e-48a1-984d-66b2d670d806",
								"exec": [
									"var currentResponse = JSON.parse(responseBody);\r",
									"\r",
									"tests[\"Body contains Max Results\"] = responseBody.has(\"MaxSearchResults\");\r",
									"tests[\"Body contains Complete\"] = responseBody.has(\"Complete\");"
								],
								"type": "text/javascript"
							}
						}
					],
					"request": {
						"auth": {
							"type": "bearer",
							"bearer": [
								{
									"key": "token",
									"value": "{{2sg-session-token}}",
									"type": "string"
								}
							]
						},
						"method": "POST",
						"header": [
							{
								"key": "Accept",
								"value": "application/json"
							},
							{
								"key": "Application-ID",
								"value": "SWS1:SBR-GetThere:01a86cdc9c",
								"type": "text"
							}
						],
						"body": {
							"mode": "raw",
							"raw": "{\r\n  \"GetHotelAvailRQ\": {\r\n    \"SearchCriteria\": {\r\n      \"OffSet\": 1,\r\n      \"SortBy\": \"TotalRate\",\r\n      \"SortOrder\": \"DESC\",\r\n      \"PageSize\": 20,\r\n        \"TierLabels\": false,\r\n             \"HotelRefs\": {\r\n        \"HotelRef\": [\r\n          {\r\n\t\"HotelCode\": \"100150104\",\r\n\t\"CodeContext\": \"GLOBAL\"\r\n},\r\n{\r\n\t\"HotelCode\": \"100154306\",\r\n\t\"CodeContext\": \"GLOBAL\"\r\n}\r\n        ]\r\n      },\r\n      \"RateInfoRef\": {\r\n       \"ConvertedRateInfoOnly\": false, \r\n        \"CurrencyCode\": \"USD\",\r\n        \"BestOnly\": \"2\",\r\n        \"PrepaidQualifier\": \"IncludePrepaid\",\r\n        \"StayDateRange\": {\r\n          \"StartDate\": \"{{start-date}}\",\r\n          \"EndDate\": \"{{end-date}}\"\r\n        },\r\n        \"Rooms\": {\r\n          \"Room\": [\r\n            {\r\n              \"Index\": 1,\r\n              \"Adults\": 1,\r\n               \"Children\":0\r\n            }\r\n          ]\r\n        },\r\n        \"InfoSource\": \"100,110,112,113\"\r\n      },\r\n      \"HotelPref\": {\r\n       \r\n        \"SabreRating\": {\r\n          \"Min\": \"3\",\r\n          \"Max\": \"5\"\r\n        }\r\n      },\r\n      \"ImageRef\": {\r\n        \"Type\": \"MEDIUM\",\r\n        \"LanguageCode\": \"EN\"\r\n      }\r\n    }\r\n  }\r\n}"
						},
						"url": {
							"raw": "{{2sg-endpoint}}/v2.1.0/get/hotelavail",
							"host": [
								"{{2sg-endpoint}}"
							],
							"path": [
								"v2.1.0",
								"get",
								"hotelavail"
							]
						}
					},
					"response": []
				},
				{
					"name": "GetHotelContent",
					"event": [
						{
							"listen": "test",
							"script": {
								"id": "d11f7ae1-542f-48b7-a392-2b28f91af351",
								"exec": [
									"var currentResponse = JSON.parse(responseBody);\r",
									"\r",
									"tests[\"Body contains Complete\"] = responseBody.has(\"Complete\");"
								],
								"type": "text/javascript"
							}
						}
					],
					"request": {
						"auth": {
							"type": "bearer",
							"bearer": [
								{
									"key": "token",
									"value": "{{2sg-session-token}}",
									"type": "string"
								}
							]
						},
						"method": "POST",
						"header": [
							{
								"key": "Content-Type",
								"value": "application/json",
								"disabled": true
							},
							{
								"key": "Accept",
								"type": "text",
								"value": "application/json"
							},
							{
								"key": "Application-ID",
								"value": "SWS1:SBR-GetThere:01a86cdc9c",
								"type": "text"
							}
						],
						"body": {
							"mode": "raw",
							"raw": "{\r\n  \"GetHotelContentRQ\": {\r\n  \t  \"version\": \"2.0.0\",\r\n    \"SearchCriteria\": {\r\n      \"HotelRefs\": {\r\n        \"HotelRef\": {\r\n          \"HotelCode\": \"100110278\",\r\n          \"CodeContext\": \"GLOBAL\"\r\n        }\r\n      },\r\n      \"DescriptiveInfoRef\": {\r\n        \"PropertyInfo\": true,\r\n        \"LocationInfo\": true,\r\n        \"Amenities\": true,\r\n        \"Descriptions\": {\r\n          \"Description\": [\r\n            {\r\n              \"Type\": \"ShortDescription\"\r\n            },\r\n            {\r\n              \"Type\": \"Alerts\"\r\n            },\r\n            {\r\n              \"Type\": \"Dining\"\r\n            },\r\n            {\r\n              \"Type\": \"Facilities\"\r\n            },\r\n            {\r\n              \"Type\": \"Recreation\"\r\n            },\r\n            {\r\n              \"Type\": \"Services\"\r\n            },\r\n            {\r\n              \"Type\": \"Attractions\"\r\n            },\r\n            {\r\n              \"Type\": \"CancellationPolicy\"\r\n            },\r\n            {\r\n              \"Type\": \"DepositPolicy\"\r\n            },\r\n            {\r\n              \"Type\": \"Directions\"\r\n            },\r\n            {\r\n              \"Type\": \"Policies\"\r\n            },\r\n            {\r\n              \"Type\": \"SafetyInfo\"\r\n            },\r\n            {\r\n              \"Type\": \"TransportationInfo\"\r\n            }\r\n          ]\r\n        },\r\n        \"AdditionalCharges\": true,\r\n        \"PointOfInterests\": true,\r\n        \"Airports\": true,\r\n        \"AcceptedCreditCards\": true,\r\n        \"GuaranteePolicies\": true\r\n      },\r\n      \"MediaRef\": {\r\n        \"MaxItems\": \"ALL\",\r\n        \"MediaTypes\": {\r\n          \"Images\": {\r\n            \"Image\": [\r\n              {\r\n                \"Type\": \"ORIGINAL\"\r\n              }\r\n            ]\r\n          },\r\n          \"PanoramicMedias\": {\r\n            \"PanoramicMedia\": [\r\n              {\r\n                \"Type\": \"HD360\"\r\n              }\r\n            ]\r\n          },\r\n          \"Videos\": {\r\n            \"Video\": [\r\n              {\r\n                \"Type\": \"VIDEO360\"\r\n              }\r\n            ]\r\n          }\r\n        },\r\n        \"AdditionalInfo\": {\r\n          \"Info\": [\r\n            {\r\n              \"Type\": \"CAPTION\",\r\n              \"value\": true\r\n            }\r\n          ]\r\n        },\r\n        \"Languages\": {\r\n          \"Language\": [\r\n            {\r\n              \"Code\": \"EN\"\r\n            }\r\n          ]\r\n        }\r\n      }\r\n    }\r\n  }\r\n}"
						},
						"url": {
							"raw": "{{2sg-endpoint}}/v2.0.0/get/hotelcontent",
							"host": [
								"{{2sg-endpoint}}"
							],
							"path": [
								"v2.0.0",
								"get",
								"hotelcontent"
							]
						}
					},
					"response": []
				},
				{
					"name": "GetHotelDetails",
					"event": [
						{
							"listen": "test",
							"script": {
								"id": "f1804211-ed13-480e-afb5-79a524997f0e",
								"exec": [
									"var currentResponse = JSON.parse(responseBody);\r",
									"\r",
									"tests[\"Body contains Complete\"] = responseBody.has(\"Complete\");"
								],
								"type": "text/javascript"
							}
						}
					],
					"request": {
						"auth": {
							"type": "bearer",
							"bearer": [
								{
									"key": "token",
									"value": "{{2sg-session-token}}",
									"type": "string"
								}
							]
						},
						"method": "POST",
						"header": [
							{
								"key": "Content-Type",
								"value": "application/json",
								"disabled": true
							},
							{
								"key": "Accept",
								"type": "text",
								"value": "application/json"
							},
							{
								"key": "Application-ID",
								"value": "SWS1:SBR-GetThere:01a86cdc9c",
								"type": "text"
							}
						],
						"body": {
							"mode": "raw",
							"raw": "{\r\n  \"GetHotelDetailsRQ\": {\r\n  \t\"version\": \"1.1.0\",\r\n    \"SearchCriteria\": {\r\n      \"HotelRefs\": {\r\n        \"HotelRef\": {\r\n          \"HotelCode\": \"100015408\",\r\n          \"CodeContext\": \"GLOBAL\"\r\n        }\r\n      },\r\n      \"RateInfoRef\": {\r\n        \"CurrencyCode\": \"USD\",\r\n        \r\n        \"PrepaidQualifier\": \"IncludePrepaid\",\r\n        \"StayDateRange\": {\r\n          \"StartDate\": \"{{start-date}}\",\r\n          \"EndDate\": \"{{end-date}}\"\r\n        },\r\n        \"Rooms\": {\r\n          \"Room\": [\r\n            {\r\n              \"Index\": 1,\r\n              \"Adults\": 1,\r\n              \"Children\": 1,\r\n              \"ChildAges\": \"1\"\r\n            }\r\n          ]\r\n        },\r\n        \"RatePlanCandidates\": {\r\n          \"ExactMatchOnly\": false,\r\n          \"RatePlanCandidate\": [\r\n            {\r\n              \r\n            }\r\n          ]\r\n        },\r\n      \"InfoSource\": \"100\"\r\n      },\r\n      \"HotelContentRef\": {\r\n        \"DescriptiveInfoRef\": {\r\n          \"PropertyInfo\": true,\r\n          \"LocationInfo\": true,\r\n          \"Amenities\": true,\r\n          \"Descriptions\": {\r\n            \"Description\": [\r\n              {\r\n                \"Type\": \"ShortDescription\"\r\n              },\r\n              {\r\n                \"Type\": \"Alerts\"\r\n              },\r\n              {\r\n                \"Type\": \"Dining\"\r\n              },\r\n              {\r\n                \"Type\": \"Facilities\"\r\n              },\r\n              {\r\n                \"Type\": \"Recreation\"\r\n              },\r\n              {\r\n                \"Type\": \"Services\"\r\n              },\r\n              {\r\n                \"Type\": \"Attractions\"\r\n              },\r\n              {\r\n                \"Type\": \"CancellationPolicy\"\r\n              },\r\n              {\r\n                \"Type\": \"DepositPolicy\"\r\n              },\r\n              {\r\n                \"Type\": \"Directions\"\r\n              },\r\n              {\r\n                \"Type\": \"Policies\"\r\n              },\r\n              {\r\n                \"Type\": \"SafetyInfo\"\r\n              },\r\n              {\r\n                \"Type\": \"TransportationInfo\"\r\n              }\r\n            ]\r\n          },\r\n          \"AdditionalCharges\": true,\r\n          \"PointOfInterests\": true,\r\n          \"Airports\": true,\r\n          \"AcceptedCreditCards\": true,\r\n          \"GuaranteePolicies\": true\r\n        },\r\n        \"MediaRef\": {\r\n          \"MaxItems\": \"ALL\",\r\n          \"MediaTypes\": {\r\n            \"Images\": {\r\n              \"Image\": [\r\n                {\r\n                  \"Type\": \"ORIGINAL\"\r\n                }\r\n              ]\r\n            }\r\n          },\r\n          \"AdditionalInfo\": {\r\n            \"Info\": [\r\n              {\r\n                \"Type\": \"CAPTION\",\r\n                \"value\": true\r\n              }\r\n            ]\r\n          },\r\n          \"Languages\": {\r\n            \"Language\": [\r\n              {\r\n                \"Code\": \"EN\"\r\n              },\r\n              {\r\n                \"Code\": \"ES\"\r\n              },\r\n              {\r\n                \"Code\": \"IT\"\r\n              }\r\n            ]\r\n          }\r\n        }\r\n      }\r\n    }\r\n  }\r\n}"
						},
						"url": {
							"raw": "{{2sg-endpoint}}/v1.1.0/get/hoteldetails",
							"host": [
								"{{2sg-endpoint}}"
							],
							"path": [
								"v1.1.0",
								"get",
								"hoteldetails"
							]
						}
					},
					"response": []
				}
			]
		},
		{
			"name": "Granular-v2",
			"item": [
				{
					"name": "GetHotelRateInfo",
					"event": [
						{
							"listen": "test",
							"script": {
								"id": "f1804211-ed13-480e-afb5-79a524997f0e",
								"exec": [
									"var currentResponse = JSON.parse(responseBody);\r",
									"\r",
									"tests[\"Body contains Complete\"] = responseBody.has(\"Complete\");"
								],
								"type": "text/javascript"
							}
						}
					],
					"request": {
						"auth": {
							"type": "bearer",
							"bearer": [
								{
									"key": "token",
									"value": "{{2sg-session-token}}",
									"type": "string"
								}
							]
						},
						"method": "POST",
						"header": [
							{
								"key": "Content-Type",
								"value": "application/json",
								"disabled": true
							},
							{
								"key": "Accept",
								"type": "text",
								"value": "application/json"
							},
							{
								"key": "Application-ID",
								"value": "SWS1:SBR-GetThere:01a86cdc9c",
								"type": "text"
							}
						],
						"body": {
							"mode": "raw",
							"raw": "{\r\n  \"GetHotelRateInfoRQ\": {\r\n    \"HotelRefs\": {\r\n      \"HotelRef\": {\r\n        \"HotelCode\": \"100015408\",\r\n        \"CodeContext\": \"GLOBAL\"\r\n      }\r\n    },\r\n    \"RateInfoRef\": {\r\n      \"StayDateRange\": {\r\n        \"StartDate\": \"{{start-date}}\",\r\n          \"EndDate\": \"{{end-date}}\"\r\n      },\r\n      \"RateRange\": {\r\n        \"Min\": 1,\r\n        \"Max\": 5000\r\n      },\r\n      \"Rooms\": {\r\n        \"Room\": [\r\n          {\r\n            \"ChildAges\": \"1\",\r\n            \"Index\": 1,\r\n            \"Adults\": 2,\r\n            \"Children\": 1\r\n          }\r\n        ]\r\n      },\r\n     \r\n      \"InfoSource\": \"100,113,112,110\",\r\n      \"CurrencyCode\": \"AUD\",\r\n      \"PrepaidQualifier\": \"IncludePrepaid\"\r\n    },\r\n    \"version\": \"2.1.0\"\r\n  }\r\n}"
						},
						"url": {
							"raw": "{{2sg-endpoint}}/v2.1.0/get/hotelrateinfo",
							"host": [
								"{{2sg-endpoint}}"
							],
							"path": [
								"v2.1.0",
								"get",
								"hotelrateinfo"
							]
						}
					},
					"response": []
				},
				{
					"name": "GetHotelLeadRate",
					"event": [
						{
							"listen": "test",
							"script": {
								"id": "f1804211-ed13-480e-afb5-79a524997f0e",
								"exec": [
									"var currentResponse = JSON.parse(responseBody);\r",
									"\r",
									"tests[\"Body contains Complete\"] = responseBody.has(\"Complete\");"
								],
								"type": "text/javascript"
							}
						}
					],
					"request": {
						"auth": {
							"type": "bearer",
							"bearer": [
								{
									"key": "token",
									"value": "{{2sg-session-token}}",
									"type": "string"
								}
							]
						},
						"method": "POST",
						"header": [
							{
								"key": "Content-Type",
								"value": "application/json",
								"disabled": true
							},
							{
								"key": "Accept",
								"type": "text",
								"value": "application/json"
							},
							{
								"key": "Application-ID",
								"value": "SWS1:SBR-GetThere:01a86cdc9c",
								"type": "text"
							}
						],
						"body": {
							"mode": "raw",
							"raw": "{\r\n  \"GetHotelLeadRateRQ\": {\r\n    \"HotelRefs\": {\r\n      \"HotelRef\": [\r\n        {\r\n          \"HotelCode\": \"100113830\",\r\n          \"CodeContext\": \"GLOBAL\"\r\n        },\r\n        {\r\n          \"HotelCode\": \"100119848\",\r\n          \"CodeContext\": \"GLOBAL\"\r\n        }\r\n      ]\r\n    },\r\n    \"RateInfoRef\": {\r\n      \"StayDateRange\": {\r\n           \"StartDate\": \"{{start-date}}\",\r\n          \"EndDate\": \"{{end-date}}\"\r\n      },\r\n      \"RateRange\": {\r\n        \"Min\": 1,\r\n        \"Max\": 10000\r\n      },\r\n      \"Rooms\": {\r\n        \"Room\": [\r\n          {\r\n            \"ChildAges\": \"1\",\r\n            \"Index\": 1,\r\n            \"Adults\": 2,\r\n            \"Children\": 1\r\n          }\r\n        ]\r\n      },\r\n    \r\n      \"InfoSource\": \"100,111,112,110\",\r\n      \"CurrencyCode\": \"AUD\",\r\n      \"BestOnly\": \"1\",\r\n      \"PrepaidQualifier\": \"IncludePrepaid\",\r\n      \"ConvertedRateInfoOnly\": false\r\n    },\r\n    \"version\": \"2.1.0\"\r\n  }\r\n}"
						},
						"url": {
							"raw": "{{2sg-endpoint}}/v2.1.0/get/hotelleadrate",
							"host": [
								"{{2sg-endpoint}}"
							],
							"path": [
								"v2.1.0",
								"get",
								"hotelleadrate"
							]
						}
					},
					"response": []
				},
				{
					"name": "GetHotelList",
					"event": [
						{
							"listen": "test",
							"script": {
								"id": "f1804211-ed13-480e-afb5-79a524997f0e",
								"exec": [
									"var currentResponse = JSON.parse(responseBody);\r",
									"\r",
									"tests[\"Body contains Complete\"] = responseBody.has(\"Complete\");"
								],
								"type": "text/javascript"
							}
						}
					],
					"request": {
						"auth": {
							"type": "bearer",
							"bearer": [
								{
									"key": "token",
									"value": "{{2sg-session-token}}",
									"type": "string"
								}
							]
						},
						"method": "POST",
						"header": [
							{
								"key": "Content-Type",
								"value": "application/json",
								"disabled": true
							},
							{
								"key": "Accept",
								"type": "text",
								"value": "application/json"
							}
						],
						"body": {
							"mode": "raw",
							"raw": "{\r\n  \"GetHotelListRQ\": {\r\n    \"version\": \"2.0.0\",\r\n    \"HotelRefs\": {\r\n      \"HotelRef\": [\r\n        {\r\n          \"CodeContext\": \"GLOBAL\",\r\n          \"HotelCode\": \"100053974\"\r\n        }\r\n      ]\r\n    },\r\n    \"HotelPref\": {\r\n      \"AmenityCodes\": {\r\n        \"AmenityCode\": [\r\n          \"1\"\r\n        ],\r\n        \"Inclusive\": true\r\n      },\r\n      \"BrandCodes\": {\r\n        \"BrandCode\": [\r\n          \"MARRIOTT\"\r\n        ]\r\n      },\r\n      \"PropertyTypeCodes\": {\r\n        \"Inclusive\": true,\r\n        \"PropertyTypeCode\": [\r\n          \"1\"\r\n        ]\r\n      },\r\n      \"ChainCodes\": {\r\n        \"ChainCode\": [\r\n          \"MC\"\r\n        ]\r\n      },\r\n      \"SabreRating\": {\r\n        \"Min\": \"1.\",\r\n        \"Max\": \"5\"\r\n      },\r\n   \r\n      \"HotelName\": \" Marriott\"\r\n    },\r\n    \"HotelInfoRef\": {\r\n      \"Amenities\": true,\r\n      \"LocationInfo\": true,\r\n      \"PropertyTypeInfo\": true\r\n    }\r\n  }\r\n}"
						},
						"url": {
							"raw": "{{2sg-endpoint}}/v2.0.0/get/hotellist",
							"host": [
								"{{2sg-endpoint}}"
							],
							"path": [
								"v2.0.0",
								"get",
								"hotellist"
							]
						}
					},
					"response": []
				},
				{
					"name": "GetHotelDescriptiveInfo",
					"event": [
						{
							"listen": "test",
							"script": {
								"id": "f1804211-ed13-480e-afb5-79a524997f0e",
								"exec": [
									"var currentResponse = JSON.parse(responseBody);\r",
									"\r",
									"tests[\"Body contains Complete\"] = responseBody.has(\"Complete\");"
								],
								"type": "text/javascript"
							}
						}
					],
					"request": {
						"auth": {
							"type": "bearer",
							"bearer": [
								{
									"key": "token",
									"value": "{{2sg-session-token}}",
									"type": "string"
								}
							]
						},
						"method": "POST",
						"header": [
							{
								"key": "Content-Type",
								"value": "application/json",
								"disabled": true
							},
							{
								"key": "Accept",
								"type": "text",
								"value": "application/json"
							}
						],
						"body": {
							"mode": "raw",
							"raw": "{\r\n  \"GetHotelDescriptiveInfoRQ\": {\r\n    \"version\": \"2.0.0\",\r\n    \"HotelRefs\": {\r\n      \"HotelRef\": {\r\n        \"CodeContext\": \"GLOBAL\",\r\n        \"HotelCode\": \"100110278\"\r\n      }\r\n    },\r\n    \"DescriptiveInfoRef\": {\r\n      \"PropertyInfo\": false,\r\n      \"Amenities\": false,\r\n      \"LocationInfo\": false,\r\n      \"AdditionalCharges\": false,\r\n      \"PointOfInterests\": false,\r\n      \"GuaranteePolicies\": false,\r\n      \"Descriptions\": {\r\n        \"Description\": [\r\n          {\r\n            \"Type\": \"ShortDescription\"\r\n         \r\n          }\r\n        ]\r\n      },\r\n      \"AcceptedCreditCards\": false,\r\n      \"Airports\": false\r\n    }\r\n  }\r\n}\r\n"
						},
						"url": {
							"raw": "{{2sg-endpoint}}/v2.0.0/get/hoteldescriptiveinfo",
							"host": [
								"{{2sg-endpoint}}"
							],
							"path": [
								"v2.0.0",
								"get",
								"hoteldescriptiveinfo"
							]
						}
					},
					"response": []
				}
			]
		},
		{
			"name": "Granular-v1",
			"item": [
				{
					"name": "GetHotelMediav1",
					"event": [
						{
							"listen": "test",
							"script": {
								"id": "f1804211-ed13-480e-afb5-79a524997f0e",
								"exec": [
									"var currentResponse = JSON.parse(responseBody);\r",
									"\r",
									"tests[\"Body contains Complete\"] = responseBody.has(\"Complete\");"
								],
								"type": "text/javascript"
							}
						}
					],
					"request": {
						"auth": {
							"type": "bearer",
							"bearer": [
								{
									"key": "token",
									"value": "{{2sg-session-token}}",
									"type": "string"
								}
							]
						},
						"method": "POST",
						"header": [
							{
								"key": "Content-Type",
								"value": "application/json",
								"disabled": true
							},
							{
								"key": "Accept",
								"type": "text",
								"value": "application/json"
							}
						],
						"body": {
							"mode": "raw",
							"raw": "{\r\n  \"GetHotelMediaRQ\": {\r\n    \"HotelRefs\": {\r\n      \"HotelRef\": [\r\n        {\r\n          \"HotelCode\": \"100212\",\r\n          \"CodeContext\": \"Sabre\"\r\n        }\r\n      ]\r\n    },\r\n    \"MediaRef\": {\r\n      \"MaxItems\": \"ALL\",\r\n      \"MediaTypes\": {\r\n        \"Images\": {\r\n          \"Image\": [\r\n            {\r\n              \"Type\": \"ORIGINAL\"\r\n            }\r\n          ]\r\n        },\r\n        \"PanoramicMedias\": {\r\n          \"PanoramicMedia\": [\r\n            {\r\n              \"Type\": \"HD360\"\r\n            }\r\n          ]\r\n        },\r\n        \"Videos\": {\r\n          \"Video\": [\r\n            {\r\n              \"Type\": \"VIDEO360\"\r\n            }\r\n          ]\r\n        }\r\n      },\r\n      \"AdditionalInfo\": {\r\n        \"Info\": [\r\n          {\r\n            \"Type\": \"CAPTION\",\r\n            \"value\": true\r\n          }\r\n        ]\r\n      },\r\n      \"Languages\": {\r\n        \"Language\": [\r\n          {\r\n            \"Code\": \"EN\"\r\n          }\r\n        ]\r\n      }\r\n    }\r\n  }\r\n}"
						},
						"url": {
							"raw": "{{2sg-endpoint}}/v2.0.0/get/hotelmedia",
							"host": [
								"{{2sg-endpoint}}"
							],
							"path": [
								"v2.0.0",
								"get",
								"hotelmedia"
							]
						}
					},
					"response": []
				},
				{
					"name": "GetHotelImagev1",
					"event": [
						{
							"listen": "test",
							"script": {
								"id": "f1804211-ed13-480e-afb5-79a524997f0e",
								"exec": [
									"var currentResponse = JSON.parse(responseBody);\r",
									"\r",
									"tests[\"Body contains Success\"] = responseBody.has(\"Success\");"
								],
								"type": "text/javascript"
							}
						}
					],
					"request": {
						"auth": {
							"type": "bearer",
							"bearer": [
								{
									"key": "token",
									"value": "{{2sg-session-token}}",
									"type": "string"
								}
							]
						},
						"method": "POST",
						"header": [
							{
								"key": "Content-Type",
								"value": "application/json"
							},
							{
								"key": "Accept",
								"type": "text",
								"value": "application/json",
								"disabled": true
							}
						],
						"body": {
							"mode": "raw",
							"raw": "{\r\n  \"GetHotelImageRQ\": {\r\n    \"HotelRefs\": {\r\n      \"HotelRef\": [\r\n        {\r\n          \"HotelCode\": \"100212\",\r\n          \"CodeContext\": \"Sabre\"\r\n        }\r\n      ]\r\n    },\r\n    \"ImageRef\": {\r\n      \"Type\": \"THUMBNAIL\",\r\n      \"CategoryCode\": 3,\r\n      \"LanguageCode\": \"EN\"\r\n    }\r\n  }\r\n}"
						},
						"url": {
							"raw": "{{2sg-endpoint}}/v1.0.0/shop/hotels/image?mode=image",
							"host": [
								"{{2sg-endpoint}}"
							],
							"path": [
								"v1.0.0",
								"shop",
								"hotels",
								"image"
							],
							"query": [
								{
									"key": "mode",
									"value": "image "
								}
							]
						}
					},
					"response": []
				},
				{
					"name": "GetHotelListv1",
					"event": [
						{
							"listen": "test",
							"script": {
								"id": "f1804211-ed13-480e-afb5-79a524997f0e",
								"exec": [
									"var currentResponse = JSON.parse(responseBody);\r",
									"\r",
									"tests[\"Body contains Success\"] = responseBody.has(\"Success\");"
								],
								"type": "text/javascript"
							}
						}
					],
					"request": {
						"auth": {
							"type": "bearer",
							"bearer": [
								{
									"key": "token",
									"value": "{{2sg-session-token}}",
									"type": "string"
								}
							]
						},
						"method": "POST",
						"header": [
							{
								"key": "Content-Type",
								"value": "application/json"
							},
							{
								"key": "Accept",
								"type": "text",
								"value": "application/json",
								"disabled": true
							}
						],
						"body": {
							"mode": "raw",
							"raw": "{\r\n    \"GetHotelListRQ\": {\r\n        \"SearchCriteria\": {\r\n            \"IncludedFeatures\": true, \r\n            \"HotelRefs\": {\r\n                \"HotelRef\": [\r\n                    {\r\n                        \"HotelCode\": \"7521\"\r\n                    }, \r\n                    {\r\n                        \"HotelCode\": \"22390\"\r\n                    }, \r\n                    {\r\n                        \"HotelCode\": \"22570\"\r\n                    }\r\n                ]\r\n            }\r\n        }\r\n    }\r\n}"
						},
						"url": {
							"raw": "{{2sg-endpoint}}/v1.0.0/shop/hotels/list?mode=list",
							"host": [
								"{{2sg-endpoint}}"
							],
							"path": [
								"v1.0.0",
								"shop",
								"hotels",
								"list"
							],
							"query": [
								{
									"key": "mode",
									"value": "list"
								}
							]
						}
					},
					"response": []
				},
				{
					"name": "GetHotelDescriptiveInfov1",
					"event": [
						{
							"listen": "test",
							"script": {
								"id": "f1804211-ed13-480e-afb5-79a524997f0e",
								"exec": [
									"var currentResponse = JSON.parse(responseBody);\r",
									"\r",
									"tests[\"Body contains Success\"] = responseBody.has(\"Success\");"
								],
								"type": "text/javascript"
							}
						}
					],
					"request": {
						"auth": {
							"type": "bearer",
							"bearer": [
								{
									"key": "token",
									"value": "{{2sg-session-token}}",
									"type": "string"
								}
							]
						},
						"method": "POST",
						"header": [
							{
								"key": "Content-Type",
								"value": "application/json"
							},
							{
								"key": "Accept",
								"type": "text",
								"value": "application/json",
								"disabled": true
							}
						],
						"body": {
							"mode": "raw",
							"raw": "{\r\n    \"GetHotelDescriptiveInfoRQ\": {\r\n        \"HotelRefs\": {\r\n            \"HotelRef\": [{\r\n                \"HotelCode\": \"11111\"\r\n            }]\r\n        },\r\n        \"DescriptiveInfoRef\": {\r\n            \"PropertyInfo\": true,\r\n            \"LocationInfo\": true,\r\n            \"Amenities\": true,\r\n            \"Descriptions\": {\r\n                \"Description\": [{\r\n                    \"Type\": \"Dining\"\r\n                }]\r\n            },\r\n            \"Airports\": true,\r\n            \"AcceptedCreditCards\": true\r\n        }\r\n    }\r\n}"
						},
						"url": {
							"raw": "{{2sg-endpoint}}/v1.0.0/shop/hotels/description?mode=description",
							"host": [
								"{{2sg-endpoint}}"
							],
							"path": [
								"v1.0.0",
								"shop",
								"hotels",
								"description"
							],
							"query": [
								{
									"key": "mode",
									"value": "description"
								}
							]
						}
					},
					"response": []
				},
				{
					"name": "GeoSearchv1 - AirportCode",
					"event": [
						{
							"listen": "test",
							"script": {
								"id": "f1804211-ed13-480e-afb5-79a524997f0e",
								"exec": [
									"var currentResponse = JSON.parse(responseBody);\r",
									"\r",
									"tests[\"Body contains Complete\"] = responseBody.has(\"MaxSearchResults\");"
								],
								"type": "text/javascript"
							}
						}
					],
					"request": {
						"auth": {
							"type": "bearer",
							"bearer": [
								{
									"key": "token",
									"value": "{{2sg-session-token}}",
									"type": "string"
								}
							]
						},
						"method": "POST",
						"header": [
							{
								"key": "Content-Type",
								"name": "Content-Type",
								"value": "application/json",
								"type": "text"
							},
							{
								"key": "Accept",
								"type": "text",
								"value": "application/json",
								"disabled": true
							}
						],
						"body": {
							"mode": "raw",
							"raw": "{\n  \"GeoSearchRQ\": {\n    \"version\": \"1\",\n    \"GeoRef\": {\n      \"Category\": \"HOTEL\",\n      \"Radius\": 100,\n      \"UOM\": \"MI\",\n      \"MaxResults\": 600,\n      \"OffSet\": 1,\n      \"RefPoint\": {\n        \"Value\": \"ORD\",\n        \"ValueContext\": \"CODE\",\n        \"RefPointType\": \"6\"\n      }\n    }\n  }\n}"
						},
						"url": {
							"raw": "{{2sg-endpoint}}/v1.0.0/lists/utilities/geosearch/locations?mode=geosearch",
							"host": [
								"{{2sg-endpoint}}"
							],
							"path": [
								"v1.0.0",
								"lists",
								"utilities",
								"geosearch",
								"locations"
							],
							"query": [
								{
									"key": "mode",
									"value": "geosearch"
								}
							]
						}
					},
					"response": []
				},
				{
					"name": "GeoSearchv1 - Address",
					"event": [
						{
							"listen": "test",
							"script": {
								"id": "f1804211-ed13-480e-afb5-79a524997f0e",
								"exec": [
									"var currentResponse = JSON.parse(responseBody);\r",
									"\r",
									"tests[\"Body contains Complete\"] = responseBody.has(\"MaxSearchResults\");"
								],
								"type": "text/javascript"
							}
						}
					],
					"request": {
						"auth": {
							"type": "bearer",
							"bearer": [
								{
									"key": "token",
									"value": "{{2sg-session-token}}",
									"type": "string"
								}
							]
						},
						"method": "POST",
						"header": [
							{
								"key": "Content-Type",
								"value": "application/json"
							},
							{
								"key": "Accept",
								"type": "text",
								"value": "application/json",
								"disabled": true
							}
						],
						"body": {
							"mode": "raw",
							"raw": "{\n  \"GeoSearchRQ\": {\n    \"version\": \"1\",\n    \"GeoRef\": {\n      \"Category\": \"HOTEL\",\n      \"Radius\": 200,\n      \"UOM\": \"MI\",\n      \"MaxResults\": 300,\n      \"OffSet\": 1,\n      \"AddressRef\": {\n        \"Street\": \"3150 Sabre Drive\",\n        \"City\": \"Southlake\",\n        \"PostalCode\": \"76092\",  \n       \"County\":\"Dallas\",\n        \"StateProv\":\"TX\",      \n        \"CountryCode\":\"US\"\n      }\n    }\n  }\n}"
						},
						"url": {
							"raw": "{{2sg-endpoint}}/v1.0.0/lists/utilities/geosearch/locations?mode=geosearch",
							"host": [
								"{{2sg-endpoint}}"
							],
							"path": [
								"v1.0.0",
								"lists",
								"utilities",
								"geosearch",
								"locations"
							],
							"query": [
								{
									"key": "mode",
									"value": "geosearch"
								}
							]
						}
					},
					"response": []
				},
				{
					"name": "GeoSearchv1 -City",
					"event": [
						{
							"listen": "test",
							"script": {
								"id": "f1804211-ed13-480e-afb5-79a524997f0e",
								"exec": [
									"var currentResponse = JSON.parse(responseBody);\r",
									"\r",
									"tests[\"Body contains Complete\"] = responseBody.has(\"MaxSearchResults\");"
								],
								"type": "text/javascript"
							}
						}
					],
					"request": {
						"auth": {
							"type": "bearer",
							"bearer": [
								{
									"key": "token",
									"value": "{{2sg-session-token}}",
									"type": "string"
								}
							]
						},
						"method": "POST",
						"header": [
							{
								"key": "Content-Type",
								"value": "application/json"
							},
							{
								"key": "Accept",
								"type": "text",
								"value": "application/json",
								"disabled": true
							}
						],
						"body": {
							"mode": "raw",
							"raw": "{\n  \"GeoSearchRQ\": {\n    \"version\": \"1\",\n    \"GeoRef\": {\n      \"Category\": \"HOTEL\",\n      \"Radius\": 100,\n      \"UOM\": \"MI\",\n      \"MaxResults\": 600,\n      \"OffSet\": 1,\n      \"RefPoint\": {\n            \"Value\": \"HOUSTON\",\n            \"ValueContext\": \"NAME\",\n            \"RefPointType\": \"5\",\n            \"StateProv\": \"TX\",\n            \"CountryCode\": \"US\"\n          }\n    }\n  }\n}"
						},
						"url": {
							"raw": "{{2sg-endpoint}}/v1.0.0/lists/utilities/geosearch/locations?mode=geosearch",
							"host": [
								"{{2sg-endpoint}}"
							],
							"path": [
								"v1.0.0",
								"lists",
								"utilities",
								"geosearch",
								"locations"
							],
							"query": [
								{
									"key": "mode",
									"value": "geosearch"
								}
							]
						}
					},
					"response": []
				},
				{
					"name": "GeoSearchv1 - (Lat/Long)",
					"event": [
						{
							"listen": "test",
							"script": {
								"id": "f1804211-ed13-480e-afb5-79a524997f0e",
								"exec": [
									"var currentResponse = JSON.parse(responseBody);\r",
									"\r",
									"tests[\"Body contains Complete\"] = responseBody.has(\"MaxSearchResults\");"
								],
								"type": "text/javascript"
							}
						}
					],
					"request": {
						"auth": {
							"type": "bearer",
							"bearer": [
								{
									"key": "token",
									"value": "{{2sg-session-token}}",
									"type": "string"
								}
							]
						},
						"method": "POST",
						"header": [
							{
								"key": "Content-Type",
								"value": "application/json"
							},
							{
								"key": "Accept",
								"type": "text",
								"value": "application/json",
								"disabled": true
							}
						],
						"body": {
							"mode": "raw",
							"raw": "{\n  \"GeoSearchRQ\": {\n    \"version\": \"1\",\n    \"GeoRef\": {\n      \"Category\": \"HOTEL\",\n      \"Radius\": 200,\n      \"UOM\": \"MI\",\n      \"MaxResults\": 300,\n      \"OffSet\": 1,\n      \"GeoCode\": {\n        \"Latitude\": 32.884706,\n        \"Longitude\": -96.961242      \n      }\n    }\n  }\n}"
						},
						"url": {
							"raw": "{{2sg-endpoint}}/v1.0.0/lists/utilities/geosearch/locations?mode=geosearch",
							"host": [
								"{{2sg-endpoint}}"
							],
							"path": [
								"v1.0.0",
								"lists",
								"utilities",
								"geosearch",
								"locations"
							],
							"query": [
								{
									"key": "mode",
									"value": "geosearch"
								}
							]
						}
					},
					"response": []
				},
				{
					"name": "GeoSearchv1 - POI",
					"event": [
						{
							"listen": "test",
							"script": {
								"id": "f1804211-ed13-480e-afb5-79a524997f0e",
								"exec": [
									"var currentResponse = JSON.parse(responseBody);\r",
									"\r",
									"tests[\"Body contains Complete\"] = responseBody.has(\"MaxSearchResults\");"
								],
								"type": "text/javascript"
							}
						}
					],
					"request": {
						"auth": {
							"type": "bearer",
							"bearer": [
								{
									"key": "token",
									"value": "{{2sg-session-token}}",
									"type": "string"
								}
							]
						},
						"method": "POST",
						"header": [
							{
								"key": "Content-Type",
								"value": "application/json"
							},
							{
								"key": "Accept",
								"type": "text",
								"value": "application/json",
								"disabled": true
							}
						],
						"body": {
							"mode": "raw",
							"raw": "{\n  \"GeoSearchRQ\": {\n    \"version\": \"1\",\n    \"GeoRef\": {\n     \"Category\": \"HOTEL\",\n      \"Radius\": 200,\n      \"UOM\": \"MI\",\n      \"MaxResults\": 300,\n      \"OffSet\": 1,\n      \"RefPoint\": {\n        \"Value\": \"White House\",\n        \"ValueContext\": \"NAME\",\n        \"RefPointType\": \"16\",\n         \"CountryCode\":\"US \"            \n      }\n    }\n  }\n}"
						},
						"url": {
							"raw": "{{2sg-endpoint}}/v1.0.0/lists/utilities/geosearch/locations?mode=geosearch",
							"host": [
								"{{2sg-endpoint}}"
							],
							"path": [
								"v1.0.0",
								"lists",
								"utilities",
								"geosearch",
								"locations"
							],
							"query": [
								{
									"key": "mode",
									"value": "geosearch"
								}
							]
						}
					},
					"response": []
				}
			]
		},
		{
			"name": "Booking-GDS",
			"item": [
				{
					"name": "CPNR-GDS",
					"event": [
						{
							"listen": "test",
							"script": {
								"id": "696578d1-eacc-43ab-a916-4db64397269e",
								"exec": [
									"var currentResponse = JSON.parse(responseBody);\r",
									"\r",
									"tests[\"Body contains Complete\"] = responseBody.has(\"Complete\");"
								],
								"type": "text/javascript"
							}
						}
					],
					"request": {
						"auth": {
							"type": "bearer",
							"bearer": [
								{
									"key": "token",
									"value": "{{2sg-session-token}}",
									"type": "string"
								}
							]
						},
						"method": "POST",
						"header": [
							{
								"key": "Content-Type",
								"value": "application/json",
								"disabled": true
							},
							{
								"key": "Accept",
								"type": "text",
								"value": "application/json"
							},
							{
								"key": "Diagnostics",
								"value": "CLIENT",
								"type": "text"
							}
						],
						"body": {
							"mode": "raw",
							"raw": "{\n    \"CreatePassengerNameRecordRQ\": {\n        \"version\": \"2.2.0\",\n        \"targetCity\": \"TM61\",\n        \"haltOnAirPriceError\": false,\n        \"TravelItineraryAddInfo\": {\n            \"AgencyInfo\": {\n                \"Address\": {\n                    \"AddressLine\": \"SABRE TRAVEL\",\n                    \"CityName\": \"SOUTHLAKE\",\n                    \"CountryCode\": \"US\",\n                    \"PostalCode\": \"76092\",\n                    \"StateCountyProv\": {\n                        \"StateCode\": \"TX\"\n                    },\n                    \"StreetNmbr\": \"3150 SABRE DRIVE\"\n                },\n                \"Ticketing\": {\n                    \"TicketType\": \"7TAW\"\n                }\n            },\n            \"CustomerInfo\": {\n                \"ContactNumbers\": {\n                    \"ContactNumber\": [\n                        {\n                            \"NameNumber\": \"1.1\",\n                            \"Phone\": \"817-555-1212\",\n                            \"PhoneUseType\": \"H\"\n                        }\n                    ]\n                },\n                \"PersonName\": [\n                    {\n                        \"NameNumber\": \"1.1\",\n                        \"NameReference\": \"ABC123\",\n                        \"PassengerType\": \"ADT\",\n                        \"GivenName\": \"Test\",\n                        \"Surname\": \"Booking\"\n                    }\n                ]\n            }\n        },\n        \"HotelBook\": {\n            \"BookingInfo\": {\n                \"BookingKey\": \"{{booking-key}}\",\n                \"RequestorID\": \"SG000000\"\n             \n            },\n            \"Rooms\": {\n                \"Room\": [\n                    {\n                        \"Guests\": {\n                            \"Guest\": [\n                                {\n                                    \"Contact\": {\n                                        \"Phone\": \"817-555-1212\"\n                                    },\n                                    \"FirstName\": \"Test\",\n                                    \"LastName\": \"Booking\",\n                                    \"Index\": 1,\n                                    \"LeadGuest\": true,\n                                    \"Type\": 10,\n                                    \"Email\": \"test@sabre.com\"\n                                }\n                            ]\n                        },\n                        \"RoomIndex\": 1\n                    }\n                ]\n            },\n     \n   \n            \n            \"PaymentInformation\": {\n                \"FormOfPayment\": {\n                    \"PaymentCard\": {\n                        \"PaymentType\": \"CC\",\n                        \"CardCode\": \"VI\",\n                        \"CardNumber\": \"4444333322221111\",\n                        \"ExpiryMonth\": 3,\n                        \"ExpiryYear\": \"2021\",\n                        \"FullCardHolderName\": {\n                            \"FirstName\": \"Test\",\n                            \"LastName\": \"Booking\"\n                        },\n                        \"CSC\": \"123\",\n                        \"Address\": {\n                            \"AddressLine\": [\n                                \"Wadowicka 6\"\n                            ],\n                            \"CityName\": \"Krakow\",\n                            \"StateProvince\": {\n                                \"code\": \"KR\"\n                            },\n                            \"StateProvinceCodes\": {\n                                \"Code\": [\n                                    {\n                                        \"content\": \"KR\"\n                                    }\n                                ]\n                            },\n                            \"PostCode\": \"30-415\",\n                            \"CountryCodes\": {\n                                \"Code\": [\n                                    {\n                                        \"content\": \"PL\"\n                                    }\n                                ]\n                            }\n                        }\n                    }\n                },\n                \"Type\": \"DEPOSIT\"\n          \n            },\n            \"POS\": {\n                \"Source\": {\n                    \"RequestorID\": {\n                        \"Type\": 5,\n                        \"Id\": \"12345678\",\n                        \"IdContext\": \"IATA\"\n                    },\n                    \"AgencyAddress\": {\n                        \"AddressLine1\": \"3150 SABRE DRIVE\",\n                        \"CityName\": {\n                            \n                        },\n                        \"CountryName\": {\n                            \"Code\": \"US\"\n                        }\n                    },\n                    \"AgencyName\": \"Really Trustworthy Agency\",\n                    \"ISOCountryCode\": \"US\",\n                    \"PseudoCityCode\": \"TM61\"\n                }\n            }\n        },\n     \n       \"PostProcessing\": {\n            \"RedisplayReservation\": {\n            \"waitInterval\": 100\n            },\n            \"EndTransaction\": {\n                \"Source\": {\n                    \"ReceivedFrom\": \"SABRE TEST\"\n                }\n            }\n        }\n    }\n}"
						},
						"url": {
							"raw": "{{2sg-endpoint}}/v2.2.0/passenger/records?mode=create",
							"host": [
								"{{2sg-endpoint}}"
							],
							"path": [
								"v2.2.0",
								"passenger",
								"records"
							],
							"query": [
								{
									"key": "mode",
									"value": "create "
								}
							]
						}
					},
					"response": []
				}
			]
		},
		{
			"name": "Booking-EAN",
			"item": [
				{
					"name": "CPNR-EAN",
					"event": [
						{
							"listen": "test",
							"script": {
								"id": "696578d1-eacc-43ab-a916-4db64397269e",
								"exec": [
									"var currentResponse = JSON.parse(responseBody);\r",
									"\r",
									"tests[\"Body contains Complete\"] = responseBody.has(\"Complete\");"
								],
								"type": "text/javascript"
							}
						}
					],
					"request": {
						"auth": {
							"type": "bearer",
							"bearer": [
								{
									"key": "token",
									"value": "{{2sg-session-token}}",
									"type": "string"
								}
							]
						},
						"method": "POST",
						"header": [
							{
								"key": "Content-Type",
								"value": "application/json",
								"disabled": true
							},
							{
								"key": "Accept",
								"type": "text",
								"value": "application/json"
							},
							{
								"key": "Diagnostics",
								"type": "text",
								"value": "CLIENT"
							}
						],
						"body": {
							"mode": "raw",
							"raw": "{\n    \"CreatePassengerNameRecordRQ\": {\n        \"version\": \"2.2.0\",\n        \"targetCity\": \"TM61\",\n        \"haltOnAirPriceError\": false,\n        \"TravelItineraryAddInfo\": {\n            \"AgencyInfo\": {\n                \"Address\": {\n                    \"AddressLine\": \"SABRE TRAVEL\",\n                    \"CityName\": \"SOUTHLAKE\",\n                    \"CountryCode\": \"US\",\n                    \"PostalCode\": \"76092\",\n                    \"StateCountyProv\": {\n                        \"StateCode\": \"TX\"\n                    },\n                    \"StreetNmbr\": \"3150 SABRE DRIVE\"\n                },\n                \"Ticketing\": {\n                    \"TicketType\": \"7TAW\"\n                }\n            },\n            \"CustomerInfo\": {\n                \"ContactNumbers\": {\n                    \"ContactNumber\": [\n                        {\n                            \"NameNumber\": \"1.1\",\n                            \"Phone\": \"817-555-1212\",\n                            \"PhoneUseType\": \"H\"\n                        }\n                    ]\n                },\n                \"PersonName\": [\n                    {\n                        \"NameNumber\": \"1.1\",\n                        \"NameReference\": \"ABC123\",\n                        \"PassengerType\": \"ADT\",\n                        \"GivenName\": \"TEST\",\n                        \"Surname\": \"BOOKING\"\n                    }\n                ]\n            }\n        },\n        \"HotelBook\": {\n            \"BookingInfo\": {\n                \"BookingKey\": \"{{booking-key}}\",\n                \"RequestorID\": \"SG000000\"\n                \n            },\n            \"Rooms\": {\n                \"Room\": [\n                \t\n                \t\n                    {\n                        \"Guests\": {\n                            \"Guest\": [\n                                {\n                                    \"Contact\": {\n                                        \"Phone\": \"817-555-1212\"\n                                    },\n                                    \"FirstName\": \"TEST\",\n                                    \"LastName\": \"BOOKING\",\n                                    \"Index\": 1,\n                                    \"LeadGuest\": true,\n                                    \"Type\": 10,\n                                    \"Email\": \"test@sabre.com\"\n                                },\n                                {\n                                    \"Contact\": {\n                                        \"Phone\": \"817-555-1212\"\n                                    },\n                                    \"FirstName\": \"TEST\",\n                                    \"LastName\": \"BOOKING\",\n                                    \"Index\": 1,\n                                    \"LeadGuest\": false,\n                                    \"Type\": 8,\n                                    \"Email\": \"test@sabre.com\"\n                                }\n                            ]\n                            \n                        },\n                      \n                        \"RoomIndex\": 1,\n                          \"NonSmoking\": true\n                       \n                    \n                    }\n                    \n                ]\n            },\n            \"PaymentInformation\": {\n                \"FormOfPayment\": {\n                    \"PaymentCard\": {\n                        \"PaymentType\": \"CC\",\n                        \"CardCode\": \"AX\",\n                        \"CardNumber\": \"341839144784542\",\n                        \"ExpiryMonth\": 3,\n                        \"ExpiryYear\": \"2021\",\n                        \"FullCardHolderName\": {\n                            \"FirstName\": \"TEST\",\n                            \"LastName\": \"BOOKING\"\n                        },\n                        \"CSC\": \"123\",\n                        \"Address\": {\n                            \"AddressLine\": [\n                                \"Wadowicka 6\"\n                            ],\n                            \"CityName\": \"Krakow\",\n                            \"StateProvince\": {\n                                \"code\": \"KR\"\n                            },\n                            \"StateProvinceCodes\": {\n                                \"Code\": [\n                                    {\n                                        \"content\": \"KR\"\n                                    }\n                                ]\n                            },\n                            \"PostCode\": \"30-415\",\n                            \"CountryCodes\": {\n                                \"Code\": [\n                                    {\n                                        \"content\": \"PL\"\n                                    }\n                                ]\n                            }\n                        }\n                    }\n                },\n                \"Type\": \"GUARANTEE\"\n            },\n            \"POS\": {\n                \"Source\": {\n                    \"RequestorID\": {\n                        \"Type\": 5,\n                        \"Id\": \"12345678\"\n                    },\n                    \"AgencyAddress\": {\n                        \"AddressLine1\": \"3150 SABRE DRIVE\",\n                        \"CityName\": {\n                            \"CityCode\": \"DFW\"\n\t\t\t\t\t\t\n                        },\n                        \"CountryName\": {\n                            \"Code\": \"US\"\n                        }\n                    },\n                    \"AgencyName\": \"Really Trustworthy Agency\",\n                    \"ISOCountryCode\": \"US\",\n                    \"PseudoCityCode\": \"TM61\"\n                }\n            }\n        },\n      \n        \"PostProcessing\": {\n            \"RedisplayReservation\": {\n            \"waitInterval\": 100\n            },\n            \"EndTransaction\": {\n                \"Source\": {\n                    \"ReceivedFrom\": \"SP TEST\"\n                }\n            }\n        }\n    }\n}"
						},
						"url": {
							"raw": "{{2sg-endpoint}}/v2.2.0/passenger/records?mode=create",
							"host": [
								"{{2sg-endpoint}}"
							],
							"path": [
								"v2.2.0",
								"passenger",
								"records"
							],
							"query": [
								{
									"key": "mode",
									"value": "create "
								}
							]
						}
					},
					"response": []
				}
			]
		},
		{
			"name": "Booking-BCOM",
			"item": [
				{
					"name": "CPNR-BCOM",
					"event": [
						{
							"listen": "test",
							"script": {
								"id": "696578d1-eacc-43ab-a916-4db64397269e",
								"exec": [
									"var currentResponse = JSON.parse(responseBody);\r",
									"\r",
									"tests[\"Body contains Complete\"] = responseBody.has(\"Complete\");"
								],
								"type": "text/javascript"
							}
						}
					],
					"request": {
						"auth": {
							"type": "bearer",
							"bearer": [
								{
									"key": "token",
									"value": "{{2sg-session-token}}",
									"type": "string"
								}
							]
						},
						"method": "POST",
						"header": [
							{
								"key": "Content-Type",
								"value": "application/json",
								"disabled": true
							},
							{
								"key": "Accept",
								"type": "text",
								"value": "application/json"
							},
							{
								"key": "Diagnostics",
								"type": "text",
								"value": "CLIENT"
							}
						],
						"body": {
							"mode": "raw",
							"raw": "{\n    \"CreatePassengerNameRecordRQ\": {\n        \"version\": \"2.2.0\",\n        \"targetCity\": \"TM61\",\n        \"haltOnAirPriceError\": false,\n        \"TravelItineraryAddInfo\": {\n            \"AgencyInfo\": {\n                \"Address\": {\n                    \"AddressLine\": \"SABRE TRAVEL\",\n                    \"CityName\": \"SOUTHLAKE\",\n                    \"CountryCode\": \"US\",\n                    \"PostalCode\": \"76092\",\n                    \"StateCountyProv\": {\n                        \"StateCode\": \"TX\"\n                    },\n                    \"StreetNmbr\": \"3150 SABRE DRIVE\"\n                },\n                \"Ticketing\": {\n                    \"TicketType\": \"7TAW\"\n                }\n            },\n            \"CustomerInfo\": {\n                \"ContactNumbers\": {\n                    \"ContactNumber\": [\n                        {\n                            \"NameNumber\": \"1.1\",\n                            \"Phone\": \"817-555-1212\",\n                            \"PhoneUseType\": \"H\"\n                        }\n                    ]\n                },\n                \"PersonName\": [\n                    {\n                        \"NameNumber\": \"1.1\",\n                        \"NameReference\": \"ABC123\",\n                        \"PassengerType\": \"ADT\",\n                        \"GivenName\": \"TEST\",\n                        \"Surname\": \"BOOKING\"\n                    }\n                ]\n            }\n        },\n        \"HotelBook\": {\n            \"BookingInfo\": {\n                \"BookingKey\": \"{{booking-key}}\",\n                \"RequestorID\": \"SG000000\"\n               \n            },\n            \"Rooms\": {\n                \"Room\": [\n                \t\n                \t\n                    {\n                        \"Guests\": {\n                            \"Guest\": [\n                                {\n                                    \"Contact\": {\n                                        \"Phone\": \"817-555-1212\"\n                                    },\n                                    \"FirstName\": \"TEST\",\n                                    \"LastName\": \"BOOKING\",\n                                    \"Index\": 1,\n                                    \"LeadGuest\": true,\n                                    \"Type\": 10,\n                                    \"Email\": \"test@sabre.com\"\n                                }\n                            ]\n                        },\n\t  \n\t                           \"RoomIndex\": 1,\n                                  \"RoomExtras\":  {\n                                                 \"RoomExtra\": [ \n                                                 {\n                                                 \"Type\": 26,        \n                                                 \"Quantity\": 1\n                                                 }\n                                  ]\n                                  }\n                                \n                                 \n\t\t\t}\n\t\t\t]\n            },\n            \"PaymentInformation\": {\n                \"FormOfPayment\": {\n                    \"PaymentCard\": {\n                        \"PaymentType\": \"CC\",\n                        \"CardCode\": \"MC\",\n                        \"CardNumber\": \"5197363224940753\",\n                        \"ExpiryMonth\": 3,\n                        \"ExpiryYear\": \"2021\",\n                        \"FullCardHolderName\": {\n                            \"FirstName\": \"TEST\",\n                            \"LastName\": \"BOOKING\",\n                            \"Email\": \"test@sabre.com\"\n                        },\n                        \"CSC\": \"123\",\n                        \"Address\": {\n                            \"AddressLine\": [\n                                \"Wadowicka 6\"\n                            ],\n                            \"CityName\": \"Krakow\",\n                            \"StateProvince\": {\n                                \"code\": \"KR\"\n                            },\n                            \"StateProvinceCodes\": {\n                                \"Code\": [\n                                    {\n                                        \"content\": \"KR\"\n                                    }\n                                ]\n                            },\n                            \"PostCode\": \"30-415\",\n                            \"CountryCodes\": {\n                                \"Code\": [\n                                    {\n                                        \"content\": \"PL\"\n                                    }\n                                ]\n                            }\n                           \n                         },\n                         \"Phone\":{\n                            \t\"PhoneNumber\": \"2141234567\"\n                            }\n                    }\n                },\n                \"Type\": \"DEPOSIT\"\n            },\n            \"POS\": {\n                \"Source\": {\n                    \"RequestorID\": {\n                        \"Type\": 5,\n                        \"Id\": \"12345678\"\n                    },\n                    \"AgencyAddress\": {\n                        \"AddressLine1\": \"3150 SABRE DRIVE\",\n                        \"CityName\": {\n                            \"CityCode\": \"DFW\"\n\t\t\t\t\t\t\n                        },\n                        \"CountryName\": {\n                            \"Code\": \"US\"\n                        }\n                    },\n                    \"AgencyName\": \"Really Trustworthy Agency\",\n                    \"ISOCountryCode\": \"US\",\n                    \"PseudoCityCode\": \"TM61\"\n                }\n            }\n        },\n      \n        \"PostProcessing\": {\n            \"RedisplayReservation\": {\n            \"waitInterval\": 100\n            },\n            \"EndTransaction\": {\n                \"Source\": {\n                    \"ReceivedFrom\": \"SABRE TEST\"\n                }\n            }\n        }\n    }\n}"
						},
						"url": {
							"raw": "{{2sg-endpoint}}/v2.2.0/passenger/records?mode=create",
							"host": [
								"{{2sg-endpoint}}"
							],
							"path": [
								"v2.2.0",
								"passenger",
								"records"
							],
							"query": [
								{
									"key": "mode",
									"value": "create "
								}
							]
						}
					},
					"response": []
				}
			]
		},
		{
			"name": "Booking-HBD",
			"item": [
				{
					"name": "CPNR-HBD",
					"event": [
						{
							"listen": "test",
							"script": {
								"id": "696578d1-eacc-43ab-a916-4db64397269e",
								"exec": [
									"var currentResponse = JSON.parse(responseBody);\r",
									"\r",
									"tests[\"Body contains Complete\"] = responseBody.has(\"Complete\");"
								],
								"type": "text/javascript"
							}
						}
					],
					"request": {
						"auth": {
							"type": "bearer",
							"bearer": [
								{
									"key": "token",
									"value": "{{2sg-session-token}}",
									"type": "string"
								}
							]
						},
						"method": "POST",
						"header": [
							{
								"key": "Content-Type",
								"value": "application/json",
								"disabled": true
							},
							{
								"key": "Accept",
								"type": "text",
								"value": "application/json"
							},
							{
								"key": "Diagnostics",
								"type": "text",
								"value": "CLIENT"
							}
						],
						"body": {
							"mode": "raw",
							"raw": "{\n    \"CreatePassengerNameRecordRQ\": {\n        \"version\": \"2.2.0\",\n        \"targetCity\": \"TM61\",\n        \"haltOnAirPriceError\": false,\n        \"TravelItineraryAddInfo\": {\n            \"AgencyInfo\": {\n                \"Address\": {\n                    \"AddressLine\": \"SABRE TRAVEL\",\n                    \"CityName\": \"SOUTHLAKE\",\n                    \"CountryCode\": \"US\",\n                    \"PostalCode\": \"76092\",\n                    \"StateCountyProv\": {\n                        \"StateCode\": \"TX\"\n                    },\n                    \"StreetNmbr\": \"3150 SABRE DRIVE\"\n                },\n                \"Ticketing\": {\n                    \"TicketType\": \"7TAW\"\n                }\n            },\n            \"CustomerInfo\": {\n                \"ContactNumbers\": {\n                    \"ContactNumber\": [\n                        {\n                            \"NameNumber\": \"1.1\",\n                            \"Phone\": \"817-555-1212\",\n                            \"PhoneUseType\": \"H\"\n                        }\n                    ]\n                },\n                \"PersonName\": [\n                    {\n                        \"NameNumber\": \"1.1\",\n                        \"NameReference\": \"ABC123\",\n                        \"PassengerType\": \"ADT\",\n                        \"GivenName\": \"TEST\",\n                        \"Surname\": \"BOOKING\"\n                    }\n                ]\n            }\n        },\n        \"HotelBook\": {\n            \"BookingInfo\": {\n                \"BookingKey\": \"{{booking-key}}\",\n                \"RequestorID\": \"SG000000\"\n               \n            },\n            \"Rooms\": {\n                \"Room\": [\n                    {\n                        \"Guests\": {\n                            \"Guest\": [\n                                {\n                                    \"Contact\": {\n                                        \"Phone\": \"817-555-1212\"\n                                    },\n                                    \"FirstName\": \"TEST\",\n                                    \"LastName\": \"BOOKING\",\n                                    \"Index\": 1,\n                                    \"LeadGuest\": true,\n                                    \"Type\": 10,\n                                    \"Email\": \"test@sabre.com\"\n                                }\n                            ]\n                        },\n                        \"RoomIndex\": 1\n                    }\n                ]\n            },\n            \"PaymentInformation\": {\n                \"FormOfPayment\": {\n                    \"PaymentCard\": {\n                        \"PaymentType\": \"CC\",\n                        \"CardCode\": \"VI\",\n                        \"CardNumber\": \"4444333322221111\",\n                        \"ExpiryMonth\": 3,\n                        \"ExpiryYear\": \"2021\",\n                        \"FullCardHolderName\": {\n                            \"FirstName\": \"TEST\",\n                            \"LastName\": \"BOOKING\"\n                        },\n                        \"CSC\": \"123\",\n                        \"Address\": {\n                            \"AddressLine\": [\n                                \"Wadowicka 6\"\n                            ],\n                            \"CityName\": \"Krakow\",\n                            \"StateProvince\": {\n                                \"code\": \"KR\"\n                            },\n                            \"StateProvinceCodes\": {\n                                \"Code\": [\n                                    {\n                                        \"content\": \"KR\"\n                                    }\n                                ]\n                            },\n                            \"PostCode\": \"30-415\",\n                            \"CountryCodes\": {\n                                \"Code\": [\n                                    {\n                                        \"content\": \"PL\"\n                                    }\n                                ]\n                            }\n                        }\n                    }\n                },\n                \"Type\": \"GUARANTEE\"\n            },\n            \"POS\": {\n                \"Source\": {\n                    \"RequestorID\": {\n                        \"Type\": 5,\n                        \"Id\": \"12345678\"\n                    },\n                    \"AgencyAddress\": {\n                        \"AddressLine1\": \"3150 SABRE DRIVE\",\n                        \"CityName\": {\n                            \n                        },\n                        \"CountryName\": {\n                            \"Code\": \"US\"\n                        }\n                    },\n                    \"AgencyName\": \"Really Trustworthy Agency\",\n                    \"ISOCountryCode\": \"US\",\n                    \"PseudoCityCode\": \"TM61\"\n                }\n            }\n        },\n\n       \"PostProcessing\": {\n            \"RedisplayReservation\": {\n            \"waitInterval\": 100\n            },\n            \"EndTransaction\": {\n                \"Source\": {\n                    \"ReceivedFrom\": \"SABRE TEST\"\n                }\n            }\n        }\n    }\n}"
						},
						"url": {
							"raw": "{{2sg-endpoint}}/v2.2.0/passenger/records?mode=create",
							"host": [
								"{{2sg-endpoint}}"
							],
							"path": [
								"v2.2.0",
								"passenger",
								"records"
							],
							"query": [
								{
									"key": "mode",
									"value": "create "
								}
							]
						}
					},
					"response": []
				}
			]
		},
		{
			"name": "HotelPriceCheck",
			"event": [
				{
					"listen": "test",
					"script": {
						"id": "696578d1-eacc-43ab-a916-4db64397269e",
						"exec": [
							"var currentResponse = JSON.parse(responseBody);\r",
							"\r",
							"tests[\"Body contains Complete\"] = responseBody.has(\"Complete\");"
						],
						"type": "text/javascript"
					}
				}
			],
			"request": {
				"auth": {
					"type": "bearer",
					"bearer": [
						{
							"key": "token",
							"value": "{{2sg-session-token}}",
							"type": "string"
						}
					]
				},
				"method": "POST",
				"header": [
					{
						"key": "Content-Type",
						"value": "application/json",
						"disabled": true
					},
					{
						"key": "Accept",
						"type": "text",
						"value": "application/json"
					},
					{
						"key": "Application-ID",
						"value": "SWS1:SBR-GetThere:01a86cdc9c",
						"type": "text"
					}
				],
				"body": {
					"mode": "raw",
					"raw": "{\r\n  \"HotelPriceCheckRQ\": {\r\n  \t\"version\": \"2.1.0\",\r\n    \"RateInfoRef\": {\r\n      \"RateKey\": \"{{rate-key}}\"\r\n    }\r\n  }\r\n}\r\n"
				},
				"url": {
					"raw": "{{2sg-endpoint}}/v2.1.0/hotel/pricecheck",
					"host": [
						"{{2sg-endpoint}}"
					],
					"path": [
						"v2.1.0",
						"hotel",
						"pricecheck"
					]
				}
			},
			"response": []
		},
		{
			"name": "REST Token Create",
			"event": [
				{
					"listen": "prerequest",
					"script": {
						"id": "2420ec3c-b57c-4187-ac32-e25d338b7e9f",
						"exec": [
							"const username = postman.getEnvironmentVariable('username');",
							"const pcc = postman.getEnvironmentVariable('pcc');",
							"const clientidRaw = `V1:${username}:${pcc}:AA`;",
							"const clientidArray = CryptoJS.enc.Utf8.parse(clientidRaw);",
							"const clientidBase64 = CryptoJS.enc.Base64.stringify(clientidArray);",
							"",
							"const passwordRaw = postman.getEnvironmentVariable('password');",
							"const passwordArray = CryptoJS.enc.Utf8.parse(passwordRaw);",
							"const passwordBase64 = CryptoJS.enc.Base64.stringify(passwordArray);",
							"",
							"const secretRaw = `${clientidBase64}:${passwordBase64}`;",
							"const secretArray = CryptoJS.enc.Utf8.parse(secretRaw);",
							"const secretBase64 = CryptoJS.enc.Base64.stringify(secretArray);",
							"",
							"postman.setEnvironmentVariable('secret', secretBase64);",
							""
						],
						"type": "text/javascript"
					}
				},
				{
					"listen": "test",
					"script": {
						"id": "36320392-f7a4-488b-93f5-05ff7c9d1eae",
						"exec": [
							"const res = JSON.parse(responseBody);",
							"const token = res.access_token;",
							"postman.setEnvironmentVariable('2sg-session-token', token);",
							"",
							"",
							"var moment = require('moment')",
							"pm.environment.set(\"start-date\", moment().add(20, 'day').format(\"YYYY-MM-DD\"));",
							"pm.environment.set(\"end-date\", moment().add(22, 'day').format(\"YYYY-MM-DD\"));",
							"pm.environment.set(\"single-night-start-date\", moment().add(21, 'day').format(\"YYYY-MM-DD\"));"
						],
						"type": "text/javascript"
					}
				}
			],
			"request": {
				"method": "POST",
				"header": [
					{
						"key": "Content-Type",
						"value": "application/x-www-form-urlencoded"
					},
					{
						"key": "Authorization",
						"value": "Basic {{secret}}"
					}
				],
				"body": {
					"mode": "raw",
					"raw": "grant_type=client_credentials"
				},
				"url": {
					"raw": "{{2sg-endpoint}}/v2/auth/token",
					"host": [
						"{{2sg-endpoint}}"
					],
					"path": [
						"v2",
						"auth",
						"token"
					]
				},
				"description": "\n\n[//]: # \"Start\"\n\n<b>[Description](https://developer.sabre.com/resources/getting_started_with_sabre_apis/how_to_get_a_token#3sub3)\n\n[//]: # \"End\""
			},
			"response": []
		},
		{
			"name": "CPNR-With extra fields",
			"event": [
				{
					"listen": "test",
					"script": {
						"id": "696578d1-eacc-43ab-a916-4db64397269e",
						"exec": [
							"var currentResponse = JSON.parse(responseBody);\r",
							"\r",
							"tests[\"Body contains Complete\"] = responseBody.has(\"Complete\");"
						],
						"type": "text/javascript"
					}
				}
			],
			"request": {
				"auth": {
					"type": "bearer",
					"bearer": [
						{
							"key": "token",
							"value": "{{2sg-session-token}}",
							"type": "string"
						}
					]
				},
				"method": "POST",
				"header": [
					{
						"key": "Content-Type",
						"value": "application/json",
						"disabled": true
					},
					{
						"key": "Accept",
						"type": "text",
						"value": "application/json"
					},
					{
						"key": "Diagnostics",
						"value": "CLIENT",
						"type": "text"
					}
				],
				"body": {
					"mode": "raw",
					"raw": "{\r\n    \"CreatePassengerNameRecordRQ\": {\r\n        \"version\": \"2.2.0\",\r\n        \"targetCity\": \"TM61\",\r\n        \"haltOnAirPriceError\": false,\r\n        \"TravelItineraryAddInfo\": {\r\n            \"AgencyInfo\": {\r\n                \"Address\": {\r\n                    \"AddressLine\": \"SABRE TRAVEL\",\r\n                    \"CityName\": \"SOUTHLAKE\",\r\n                    \"CountryCode\": \"US\",\r\n                    \"PostalCode\": \"76092\",\r\n                    \"StateCountyProv\": {\r\n                        \"StateCode\": \"TX\"\r\n                    },\r\n                    \"StreetNmbr\": \"3150 SABRE DRIVE\"\r\n                },\r\n                \"Ticketing\": {\r\n                    \"TicketType\": \"7TAW\"\r\n                }\r\n            },\r\n            \"CustomerInfo\": {\r\n                \"ContactNumbers\": {\r\n                    \"ContactNumber\": [\r\n                        {\r\n                            \"NameNumber\": \"1.1\",\r\n                            \"Phone\": \"817-555-1212\",\r\n                            \"PhoneUseType\": \"H\"\r\n                        }\r\n                    ]\r\n                },\r\n                \"PersonName\": [\r\n                    {\r\n                        \"NameNumber\": \"1.1\",\r\n                        \"NameReference\": \"ABC123\",\r\n                        \"PassengerType\": \"ADT\",\r\n                        \"GivenName\": \"Test\",\r\n                        \"Surname\": \"Booking\"\r\n                    }\r\n                ]\r\n            }\r\n        },\r\n        \"HotelBook\": {\r\n            \"BookingInfo\": {\r\n                \"BookingKey\": \"{{booking-key}}\",\r\n                \"RequestorID\": \"SG000000\",\r\n                \"Email\": \"test@sabre.com\",\r\n                \"CorpDiscount\": \"CD1234567\",\r\n                             \"PromotionalCode\":\"XJKGHLDE\"\r\n            },\r\n            \"Rooms\": {\r\n                \"Room\": [\r\n                    {\r\n                        \"Guests\": {\r\n                            \"Guest\": [\r\n                               {\r\n                                    \"Contact\": {\r\n                                        \"Phone\": \"817-555-1212\"\r\n                                    },\r\n                                    \"FirstName\": \"Test\",\r\n                                    \"LastName\": \"Booking\",\r\n                                    \"Index\": 1,\r\n                                    \"LeadGuest\": true,\r\n                                    \"Type\": 10,\r\n                                    \"Email\": \"test@sabre.com\",\r\n                                    \"FrequentFlyerNumber\":\"FLY12345\",\r\n                                    \"LoyaltyId\":\"LOY12345\"\r\n                                    \r\n                                }\r\n                            ]\r\n                        },\r\n                        \"RoomIndex\": 1,\r\n                                                                                          \"RoomExtras\":  {\r\n                                                                                                         \"RoomExtra\": [ {\r\n                                                                                                         \"Type\": 26,        \r\n                                                                                                         \"Quantity\": 1\r\n                                                                                                         }\r\n                                                                                          ]\r\n                                                                                          },\r\n                                                                                          \r\n                                                                                          \"SpecialInstructions\": { \r\n                                                                                                         \"SpecialInstruction\": [ \"Room with a view\"\r\n                                                                                                         ]\r\n                                                                                                         \r\n                                                                                          }\r\n                    }\r\n                ]\r\n            },\r\n            \"PaymentInformation\": {\r\n                \"FormOfPayment\": {\r\n                    \"PaymentCard\": {\r\n                        \"PaymentType\": \"CC\",\r\n                        \"CardCode\": \"VI\",\r\n                        \"CardNumber\": \"4444333322221111\",\r\n                        \"ExpiryMonth\": 3,\r\n                        \"ExpiryYear\": \"2021\",\r\n                        \"FullCardHolderName\": {\r\n                            \"FirstName\": \"Test\",\r\n                            \"LastName\": \"Booking\"\r\n                        },\r\n                        \"CSC\": \"123\",\r\n                        \"Address\": {\r\n                            \"AddressLine\": [\r\n                                \"Wadowicka 6\"\r\n                            ],\r\n                            \"CityName\": \"Krakow\",\r\n                            \"StateProvince\": {\r\n                                \"code\": \"KR\"\r\n                            },\r\n                            \"StateProvinceCodes\": {\r\n                                \"Code\": [\r\n                                    {\r\n                                       \"content\": \"KR\"\r\n                                    }\r\n                                ]\r\n                            },\r\n                            \"PostCode\": \"30-415\",\r\n                            \"CountryCodes\": {\r\n                                \"Code\": [\r\n                                    {\r\n                                        \"content\": \"PL\"\r\n                                    }\r\n                                ]\r\n                            }\r\n                        }\r\n                    }\r\n                },\r\n                \"Type\": \"DEPOSIT\"\r\n          \r\n            },\r\n            \"POS\": {\r\n                \"Source\": {\r\n                    \"RequestorID\": {\r\n                        \"Type\": 5,\r\n                        \"Id\": \"12345678\",\r\n                        \"IdContext\": \"IATA\"\r\n                    },\r\n                    \"AgencyAddress\": {\r\n                        \"AddressLine1\": \"3150 SABRE DRIVE\",\r\n                        \"CityName\": {\r\n                            \r\n                        },\r\n                        \"CountryName\": {\r\n                            \"Code\": \"US\"\r\n                        }\r\n                    },\r\n                    \"AgencyName\": \"Really Trustworthy Agency\",\r\n                    \"ISOCountryCode\": \"US\",\r\n                    \"PseudoCityCode\": \"TM61\"\r\n                }\r\n            }\r\n        },\r\n     \r\n        \"PostProcessing\": {\r\n            \"RedisplayReservation\": true,\r\n            \"ARUNK\": \"\",\r\n            \"EndTransaction\": {\r\n                \"Source\": {\r\n                    \"ReceivedFrom\": \"TM61\"\r\n                }\r\n            }\r\n        }\r\n    }\r\n}\r\n"
				},
				"url": {
					"raw": "{{2sg-endpoint}}/v2.2.0/passenger/records?mode=create",
					"host": [
						"{{2sg-endpoint}}"
					],
					"path": [
						"v2.2.0",
						"passenger",
						"records"
					],
					"query": [
						{
							"key": "mode",
							"value": "create "
						}
					]
				}
			},
			"response": []
		}
	]
}