{
	"id": "da707f65-9147-49c5-97ec-efc8eb8285e7",
	"name": "2SG - Certification Environment",
	"values": [
		{
			"key": "2sg-endpoint",
			"value": "https://api-crt.cert.havail.sabre.com",
			"enabled": true
		},
		{
			"key": "secret",
			"value": "",
			"enabled": true
		},
		{
			"key": "start-date",
			"value": "2019-04-18",
			"enabled": true
		},
		{
			"key": "end-date",
			"value": "2019-04-20",
			"enabled": true
		},
		{
			"key": "2sg-session-token",
			"value": "",
			"enabled": true
		},
		{
			"key": "username",
			"value": "",
			"enabled": true
		},
		{
			"key": "password",
			"value": "",
			"enabled": true
		},
		{
			"key": "pcc",
			"value": "",
			"enabled": true
		},
		{
			"key": "single-night-start-date",
			"value": "2019-04-19",
			"enabled": true
		}
	],
	"_postman_variable_scope": "environment",
	"_postman_exported_at": "2019-06-19T22:08:25.164Z",
	"_postman_exported_using": "Postman/7.1.1"
}