{
	"id": "956ac1bb-1bc6-43e4-89b8-8add49e4bab1",
	"name": "USG - Production Environment",
	"values": [
		{
			"key": "secret",
			"value": "",
			"enabled": false
		},
		{
			"key": "usg-endpoint",
			"value": "https://webservices.havail.sabre.com",
			"enabled": true
		},
		{
			"key": "end-date",
			"value": "2019-12-08",
			"enabled": true
		},
		{
			"key": "state-date",
			"value": "2019-03-29",
			"enabled": true
		},
		{
			"key": "usg-session-token",
			"value": "",
			"enabled": true
		},
		{
			"key": "single-night-start-date",
			"value": "2019-12-07",
			"enabled": true
		},
		{
			"key": "start-date",
			"value": "2019-12-06",
			"enabled": true
		}
	],
	"_postman_variable_scope": "environment",
	"_postman_exported_at": "2019-11-16T18:24:10.516Z",
	"_postman_exported_using": "Postman/7.11.0"
}