{
	"id": "2ba01ff7-7e57-4870-b74a-a7f8c70e6655",
	"name": "USG - Certification Environment",
	"values": [
		{
			"key": "usg-endpoint",
			"value": "https://sws-crt.cert.havail.sabre.com",
			"enabled": true
		},
		{
			"key": "end-date",
			"value": "2019-05-01",
			"enabled": true
		},
		{
			"key": "state-date",
			"value": "2019-03-29",
			"enabled": true
		},
		{
			"key": "usg-session-token",
			"value": "Shared/IDL:IceSess\\/SessMgr:1\\.0.IDL/Common/!ICESMS\\/CERTG!ICESMSLB\\/CRT.LB!1554819596817!4588!17",
			"enabled": true
		},
		{
			"key": "single-night-start-date",
			"value": "2019-04-30",
			"enabled": true
		},
		{
			"key": "start-date",
			"value": "2019-04-29",
			"enabled": true
		},
		{
			"key": "secret",
			"value": "",
			"enabled": false
		}
	],
	"_postman_variable_scope": "environment",
	"_postman_exported_at": "2019-11-16T18:23:59.024Z",
	"_postman_exported_using": "Postman/7.11.0"
}