{
	"id": "629f9434-3bc5-438c-82ce-201f0c698b47",
	"name": "USG - Production Environment",
	"values": [
		{
			"key": "usg-endpoint",
			"value": "https://sws-crt.cert.havail.sabre.com",
			"enabled": true
		},
		{
			"key": "end-date",
			"value": "2019-05-01",
			"enabled": true
		},
		{
			"key": "usg-session-token",
			"value": "Shared/IDL:IceSess\\/SessMgr:1\\.0.IDL/Common/!ICESMS\\/CERTG!ICESMSLB\\/CRT.LB!1554819596817!4588!17",
			"enabled": true
		},
		{
			"key": "single-night-start-date",
			"value": "2019-04-30",
			"enabled": true
		},
		{
			"key": "start-date",
			"value": "2019-04-29",
			"enabled": true
		}
	],
	"_postman_variable_scope": "environment",
	"_postman_exported_at": "2019-06-19T22:08:34.468Z",
	"_postman_exported_using": "Postman/7.1.1"
}