{
	"id": "e118a010-9ac0-406a-9e52-e1a2ec75a735",
	"name": "2SG - Certification Environment",
	"values": [
		{
			"key": "2sg-endpoint",
			"value": "https://api-crt.cert.havail.sabre.com",
			"enabled": true
		},
		{
			"key": "secret",
			"value": "VmpFNmUzdDFjMlZ5Ym1GdFpYMTlPbnQ3VUVORGZYMDZRVUU9OmUzdHdZWE56ZDI5eVpIMTk=",
			"enabled": true
		},
		{
			"key": "start-date",
			"value": "2019-12-06",
			"enabled": true
		},
		{
			"key": "end-date",
			"value": "2019-12-08",
			"enabled": true
		},
		{
			"key": "2sg-session-token",
			"value": null,
			"enabled": true
		},
		{
			"key": "username",
			"value": "{{username}}",
			"enabled": true
		},
		{
			"key": "password",
			"value": "{{password}}",
			"enabled": true
		},
		{
			"key": "pcc",
			"value": "{{PCC}}",
			"enabled": true
		},
		{
			"key": "single-night-start-date",
			"value": "2019-12-07",
			"enabled": true
		}
	],
	"_postman_variable_scope": "environment",
	"_postman_exported_at": "2019-11-16T18:23:45.509Z",
	"_postman_exported_using": "Postman/7.11.0"
}